movie,link
12 Years a Slave,https://www.imdb.com/title/tt2024544/?ref_=fn_all_ttl_1
2046,https://www.imdb.com/title/tt0212712/?ref_=fn_all_ttl_1
24 Hour Party People,https://www.imdb.com/title/tt0274309/?ref_=fn_all_ttl_1
25th Hour,https://www.imdb.com/title/tt0307901/?ref_=fn_all_ttl_1
3-Iron,https://www.imdb.com/title/tt1300854/?ref_=fn_all_ttl_1
35 Shots of Rum,https://www.imdb.com/title/tt33274024/?ref_=fn_all_ttl_1
"4 Months, 3 Weeks & 2 Days",https://www.imdb.com/title/tt9640508/?ref_=fn_all_ttl_1
5 Broken Cameras,https://www.imdb.com/title/tt2125423/?ref_=fn_all_ttl_1
5x2,https://www.imdb.com/title/tt0354356/?ref_=fn_all_ttl_1
678,https://www.imdb.com/title/tt1764141/?ref_=fn_all_ttl_1
7 Letters,https://www.imdb.com/title/tt4691166/?ref_=fn_all_ttl_1
99 Homes,https://www.imdb.com/title/tt2891174/?ref_=fn_all_ttl_1
A Borrowed Identity,https://www.imdb.com/title/tt2841572/?ref_=fn_all_ttl_1
A Commuter’s Life (What a Life!),https://www.imdb.com/title/tt0038650/?ref_=fn_all_ttl_1
A Girl Walks Home Alone at Night,https://www.imdb.com/title/tt2326554/?ref_=fn_all_ttl_1
A History of Violence,https://www.imdb.com/title/tt0399146/?ref_=fn_all_ttl_1
A Letter to Nelson Mandela,https://www.imdb.com/title/tt1152758/?ref_=fn_all_ttl_1
A Pigeon Sat on a Branch Reflecting on Existence,https://www.imdb.com/title/tt30936380/?ref_=fn_all_ttl_1
A Prophet,https://www.imdb.com/title/tt1235166/?ref_=fn_all_ttl_1
A Separation,https://www.imdb.com/title/tt1832382/?ref_=fn_all_ttl_1
A Serious Man,https://www.imdb.com/title/tt1019452/?ref_=fn_all_ttl_1
A Single Man,https://www.imdb.com/title/tt1315981/?ref_=fn_all_ttl_1
A Tale of Two Sisters,https://www.imdb.com/title/tt7139502/?ref_=fn_all_ttl_1
A Time for Drunken Horses,https://www.imdb.com/title/tt0259072/?ref_=fn_all_ttl_1
A Touch of Sin,https://www.imdb.com/title/tt2852400/?ref_=fn_all_ttl_1
A Vingança de Uma Mulher,https://www.imdb.com/title/tt2050453/?ref_=fn_all_ttl_1
AI: Artificial Intelligence,https://www.imdb.com/title/tt0212720/?ref_=fn_all_ttl_1
About Elly,https://www.imdb.com/title/tt1360860/?ref_=fn_all_ttl_1
Actress,https://www.imdb.com/title/tt14107656/?ref_=fn_all_ttl_1
Adaptation,https://www.imdb.com/title/tt0268126/?ref_=fn_all_ttl_1
Adventureland,https://www.imdb.com/title/tt1091722/?ref_=fn_all_ttl_1
After the Wedding,https://www.imdb.com/title/tt0457655/?ref_=fn_all_ttl_1
Ajami,https://www.imdb.com/title/tt1077262/?ref_=fn_all_ttl_1
Alexandre Sokurov,https://www.imdb.com/title/tt4296736/?ref_=fn_all_ttl_1
All Divided Selves,https://www.imdb.com/title/tt2261217/?ref_=fn_all_ttl_1
Almayer's Folly,https://www.imdb.com/title/tt1532530/?ref_=fn_all_ttl_1
Almost Famous,https://www.imdb.com/title/tt0181875/?ref_=fn_all_ttl_1
Alpha Dog,https://www.imdb.com/title/tt0426883/?ref_=fn_all_ttl_1
American Hustle,https://www.imdb.com/title/tt1800241/?ref_=fn_all_ttl_1
American Psycho,https://www.imdb.com/title/tt0144084/?ref_=fn_all_ttl_1
American Splendor,https://www.imdb.com/title/tt0305206/?ref_=fn_all_ttl_1
Amores Perros,https://www.imdb.com/title/tt0245712/?ref_=fn_all_ttl_1
Amour,https://www.imdb.com/title/tt1602620/?ref_=fn_all_ttl_1
Amélie,https://www.imdb.com/title/tt0211915/?ref_=fn_all_ttl_1
An Injury to One,https://www.imdb.com/title/tt0342570/?ref_=fn_all_ttl_1
Anchorman: The Legend of Ron Burgundy,https://www.imdb.com/title/tt0357413/?ref_=fn_all_ttl_1
Animal Kingdom,https://www.imdb.com/title/tt5574490/?ref_=fn_all_ttl_1
Ankhon Dekhi,https://www.imdb.com/title/tt3614516/?ref_=fn_all_ttl_1
Anomalisa,https://www.imdb.com/title/tt2401878/?ref_=fn_all_ttl_1
Another Year,https://www.imdb.com/title/tt1431181/?ref_=fn_all_ttl_1
Antichrist,https://www.imdb.com/title/tt0870984/?ref_=fn_all_ttl_1
Apocalypto,https://www.imdb.com/title/tt0472043/?ref_=fn_all_ttl_1
Arabian Nights: Volume 1 – The Restless One,https://www.imdb.com/title/tt3284178/?ref_=fn_all_ttl_1
Archipelago,https://www.imdb.com/title/tt1527835/?ref_=fn_all_ttl_1
As I Was Moving Ahead Occasionally I Saw Brief Glimpses of Beauty,https://www.imdb.com/title/tt0262240/?ref_=fn_all_ttl_1
At the First Breath of Wind,https://www.imdb.com/title/tt0328825/?ref_=fn_all_ttl_1
Attack the Block,https://www.imdb.com/title/tt1478964/?ref_=fn_all_ttl_1
Aurora,https://www.imdb.com/title/tt19394520/?ref_=fn_all_ttl_1
Avatar,https://www.imdb.com/title/tt0499549/?ref_=fn_all_ttl_1
Babel,https://www.imdb.com/title/tt0449467/?ref_=fn_all_ttl_1
Bad Education,https://www.imdb.com/title/tt2337840/?ref_=fn_all_ttl_1
Bad Lieutenant: Port of Call New Orleans,https://www.imdb.com/title/tt1095217/?ref_=fn_all_ttl_1
Bamboozled,https://www.imdb.com/title/tt0215545/?ref_=fn_all_ttl_1
Barbara,https://www.imdb.com/title/tt2178941/?ref_=fn_all_ttl_1
Battle Royale,https://www.imdb.com/title/tt0266308/?ref_=fn_all_ttl_1
Battle in Heaven,https://www.imdb.com/title/tt0387055/?ref_=fn_all_ttl_1
Be Kind Rewind,https://www.imdb.com/title/tt0799934/?ref_=fn_all_ttl_1
Beasts of the Southern Wild,https://www.imdb.com/title/tt2125435/?ref_=fn_all_ttl_1
Before Midnight,https://www.imdb.com/title/tt2209418/?ref_=fn_all_ttl_1
Before Sunset,https://www.imdb.com/title/tt0381681/?ref_=fn_all_ttl_1
Before the Devil Knows You're Dead,https://www.imdb.com/title/tt0292963/?ref_=fn_all_ttl_1
Beginners,https://www.imdb.com/title/tt1532503/?ref_=fn_all_ttl_1
Belle,https://www.imdb.com/title/tt2404181/?ref_=fn_all_ttl_1
Bend It Like Beckham,https://www.imdb.com/title/tt0286499/?ref_=fn_all_ttl_1
Best in Show,https://www.imdb.com/title/tt0218839/?ref_=fn_all_ttl_1
Beyond the Hills,https://www.imdb.com/title/tt2258281/?ref_=fn_all_ttl_1
Birdman,https://www.imdb.com/title/tt2562232/?ref_=fn_all_ttl_1
Birth,https://www.imdb.com/title/tt0337876/?ref_=fn_all_ttl_1
Black Swan,https://www.imdb.com/title/tt0947798/?ref_=fn_all_ttl_1
Blissfully Yours,https://www.imdb.com/title/tt0317171/?ref_=fn_all_ttl_1
Blue Is the Warmest Color,https://www.imdb.com/title/tt28869592/?ref_=fn_all_ttl_1
Blue Valentine,https://www.imdb.com/title/tt1120985/?ref_=fn_all_ttl_1
Bone Tomahawk,https://www.imdb.com/title/tt2494362/?ref_=fn_all_ttl_1
Borat: Cultural Learnings of America for Make Benefit Glorious Nation of Kazakhstan,https://www.imdb.com/title/tt0443453/?ref_=fn_all_ttl_1
Bowling for Columbine,https://www.imdb.com/title/tt0310793/?ref_=fn_all_ttl_1
Boyhood,https://www.imdb.com/title/tt1065073/?ref_=fn_all_ttl_1
Brick,https://www.imdb.com/title/tt0393109/?ref_=fn_all_ttl_1
Bridesmaids,https://www.imdb.com/title/tt1478338/?ref_=fn_all_ttl_1
Bright Star,https://www.imdb.com/title/tt0810784/?ref_=fn_all_ttl_1
Brokeback Mountain,https://www.imdb.com/title/tt0388795/?ref_=fn_all_ttl_1
Brooklyn,https://www.imdb.com/title/tt2467372/?ref_=fn_all_ttl_1
Burning Bush,https://www.imdb.com/title/tt2280344/?ref_=fn_all_ttl_1
Butter on the Latch,https://www.imdb.com/title/tt2252304/?ref_=fn_all_ttl_1
Caché,https://www.imdb.com/title/tt0387898/?ref_=fn_all_ttl_1
Café Lumière,https://www.imdb.com/title/tt0412596/?ref_=fn_all_ttl_1
Capitalism: Child Labor,https://www.imdb.com/title/tt3703130/?ref_=fn_all_ttl_1
Captain America: Winter Soldier,https://www.imdb.com/title/tt1843866/?ref_=fn_all_ttl_1
Caramel,https://www.imdb.com/title/tt0825236/?ref_=fn_all_ttl_1
Carlos,https://www.imdb.com/title/tt1321865/?ref_=fn_all_ttl_1
Carol,https://www.imdb.com/title/tt2402927/?ref_=fn_all_ttl_1
Casino Royale,https://www.imdb.com/title/tt0381061/?ref_=fn_all_ttl_1
Cast Away,https://www.imdb.com/title/tt0162222/?ref_=fn_all_ttl_1
Cave of Forgotten Dreams,https://www.imdb.com/title/tt1664894/?ref_=fn_all_ttl_1
Centochiodi,https://www.imdb.com/title/tt0985597/?ref_=fn_all_ttl_1
Certified Copy,https://www.imdb.com/title/tt1020773/?ref_=fn_all_ttl_1
Chakde! India,https://www.imdb.com/title/tt0871510/?ref_=fn_all_ttl_1
Che,https://www.imdb.com/title/tt0070913/?ref_=fn_all_ttl_1
Chicago,https://www.imdb.com/title/tt2261391/?ref_=fn_all_ttl_1
Children of Men,https://www.imdb.com/title/tt0206634/?ref_=fn_all_ttl_1
Chuck & Buck,https://www.imdb.com/title/tt0934814/?ref_=fn_all_ttl_1
City of God,https://www.imdb.com/title/tt0317248/?ref_=fn_all_ttl_1
Climates,https://www.imdb.com/title/tt0498097/?ref_=fn_all_ttl_1
Closed Curtain,https://www.imdb.com/title/tt2626926/?ref_=fn_all_ttl_1
Collateral,https://www.imdb.com/title/tt0369339/?ref_=fn_all_ttl_1
Colossal Youth,https://www.imdb.com/title/tt0460480/?ref_=fn_all_ttl_1
Coma,https://www.imdb.com/title/tt0077355/?ref_=fn_all_ttl_1
Coming Home,https://www.imdb.com/title/tt0077362/?ref_=fn_all_ttl_1
Conversations on a Sunday Afternoon,https://www.imdb.com/title/tt0471130/?ref_=fn_all_ttl_1
Cosmos,https://www.imdb.com/title/tt2395695/?ref_=fn_all_ttl_1
Court,https://www.imdb.com/title/tt13798316/?ref_=fn_all_ttl_1
Crank,https://www.imdb.com/title/tt0479884/?ref_=fn_all_ttl_1
Crimson Gold,https://www.imdb.com/title/tt0371280/?ref_=fn_all_ttl_1
"Crouching Tiger, Hidden Dragon",https://www.imdb.com/title/tt3981658/?ref_=fn_all_ttl_1
Cuba: An African Odyssey,https://www.imdb.com/title/tt1106760/?ref_=fn_all_ttl_1
Dancer in the Dark,https://www.imdb.com/title/tt0168629/?ref_=fn_all_ttl_1
Daylight Moon,https://www.imdb.com/title/tt0360504/?ref_=fn_all_ttl_1
Days of Glory,https://www.imdb.com/title/tt0444182/?ref_=fn_all_ttl_1
Death Proof – Grindhouse,https://www.imdb.com/title/tt34025154/?ref_=fn_all_ttl_1
Detention,https://www.imdb.com/title/tt1701990/?ref_=fn_all_ttl_1
Dev D,https://www.imdb.com/title/tt2147999/?ref_=fn_all_ttl_1
Dirty Pretty Things,https://www.imdb.com/title/tt0301199/?ref_=fn_all_ttl_1
Distant,https://www.imdb.com/title/tt9883398/?ref_=fn_all_ttl_1
District 9,https://www.imdb.com/title/tt1136608/?ref_=fn_all_ttl_1
Divine Intervention,https://www.imdb.com/title/tt0274428/?ref_=fn_all_ttl_1
Django Unchained,https://www.imdb.com/title/tt1853728/?ref_=fn_all_ttl_1
Dogtooth,https://www.imdb.com/title/tt1379182/?ref_=fn_all_ttl_1
Dogville,https://www.imdb.com/title/tt0276919/?ref_=fn_all_ttl_1
Donnie Darko,https://www.imdb.com/title/tt0246578/?ref_=fn_all_ttl_1
Dreams of a Life,https://www.imdb.com/title/tt1819513/?ref_=fn_all_ttl_1
Drive,https://www.imdb.com/title/tt0780504/?ref_=fn_all_ttl_1
Déjà Vu,https://www.imdb.com/title/tt0453467/?ref_=fn_all_ttl_1
"Eat, Sleep, Die",https://www.imdb.com/title/tt2085002/?ref_=fn_all_ttl_1
Eden,https://www.imdb.com/title/tt23149780/?ref_=fn_all_ttl_1
Eldorado,https://www.imdb.com/title/tt0133301/?ref_=fn_all_ttl_1
Elena,https://www.imdb.com/title/tt1575539/?ref_=fn_all_ttl_1
Elephant,https://www.imdb.com/title/tt0363589/?ref_=fn_all_ttl_1
Enter the Void,https://www.imdb.com/title/tt1191111/?ref_=fn_all_ttl_1
Eternal Sunshine of the Spotless Mind,https://www.imdb.com/title/tt0338013/?ref_=fn_all_ttl_1
Even If She Had Been a Criminal...,https://www.imdb.com/title/tt0851368/?ref_=fn_all_ttl_1
Everyone Else,https://www.imdb.com/title/tt19889996/?ref_=fn_all_ttl_1
Evolution of a Filipino Family,https://www.imdb.com/title/tt0424062/?ref_=fn_all_ttl_1
Ex Machina,https://www.imdb.com/title/tt0470752/?ref_=fn_all_ttl_1
Extraordinary Stories,https://www.imdb.com/title/tt1225831/?ref_=fn_all_ttl_1
Ezra,https://www.imdb.com/title/tt20315818/?ref_=fn_all_ttl_1
Fados,https://www.imdb.com/title/tt1056422/?ref_=fn_all_ttl_1
Fantastic Mr Fox,https://www.imdb.com/title/tt0432283/?ref_=fn_all_ttl_1
Far From Heaven,https://www.imdb.com/title/tt0297884/?ref_=fn_all_ttl_1
Fat Girl,https://www.imdb.com/title/tt0243255/?ref_=fn_all_ttl_1
Father of My Children,https://www.imdb.com/title/tt34256213/?ref_=fn_all_ttl_1
Femme Fatale,https://www.imdb.com/title/tt0280665/?ref_=fn_all_ttl_1
Film socialisme,https://www.imdb.com/title/tt1438535/?ref_=fn_all_ttl_1
Finding Nemo,https://www.imdb.com/title/tt0266543/?ref_=fn_all_ttl_1
Fish Tank,https://www.imdb.com/title/tt1232776/?ref_=fn_all_ttl_1
Footnote,https://www.imdb.com/title/tt1445520/?ref_=fn_all_ttl_1
Four Lions,https://www.imdb.com/title/tt1341167/?ref_=fn_all_ttl_1
Frances Ha,https://www.imdb.com/title/tt2347569/?ref_=fn_all_ttl_1
From What Is Before,https://www.imdb.com/title/tt3303310/?ref_=fn_all_ttl_1
Frontier of Dawn,https://www.imdb.com/title/tt1073535/?ref_=fn_all_ttl_1
Frozen,https://www.imdb.com/title/tt2294629/?ref_=fn_all_ttl_1
Frozen River,https://www.imdb.com/title/tt0978759/?ref_=fn_all_ttl_1
Fruitvale Station,https://www.imdb.com/title/tt2334649/?ref_=fn_all_ttl_1
Gangs of Wasseypur,https://www.imdb.com/title/tt1954470/?ref_=fn_all_ttl_1
Gerry,https://www.imdb.com/title/tt0302674/?ref_=fn_all_ttl_1
Gett: The Trial of Viviane Amselem,https://www.imdb.com/title/tt3062880/?ref_=fn_all_ttl_1
Ghost World,https://www.imdb.com/title/tt0162346/?ref_=fn_all_ttl_1
Girl Walk: All Day,https://www.imdb.com/title/tt2287749/?ref_=fn_all_ttl_1
Girlhood,https://www.imdb.com/title/tt3655522/?ref_=fn_all_ttl_1
Gladiator,https://www.imdb.com/title/tt9218128/?ref_=fn_all_ttl_1
Godzilla,https://www.imdb.com/title/tt0831387/?ref_=fn_all_ttl_1
Gone Girl,https://www.imdb.com/title/tt2267998/?ref_=fn_all_ttl_1
Good Bye Lenin!,https://www.imdb.com/title/tt0301357/?ref_=fn_all_ttl_1
Good Night and Good Luck,https://www.imdb.com/title/tt0433383/?ref_=fn_all_ttl_1
Goodbye to Language,https://www.imdb.com/title/tt2400275/?ref_=fn_all_ttl_1
"Goodbye, Dragon Inn",https://www.imdb.com/title/tt0377556/?ref_=fn_all_ttl_1
Gosford Park,https://www.imdb.com/title/tt0280707/?ref_=fn_all_ttl_1
Gostanza da Libbiano,https://www.imdb.com/title/tt0257726/?ref_=fn_all_ttl_1
Gran Torino,https://www.imdb.com/title/tt1205489/?ref_=fn_all_ttl_1
Gravity,https://www.imdb.com/title/tt1454468/?ref_=fn_all_ttl_1
Grizzly Man,https://www.imdb.com/title/tt0427312/?ref_=fn_all_ttl_1
Hard to Be a God,https://www.imdb.com/title/tt15235260/?ref_=fn_all_ttl_1
Hazaaron Khwaishein Aisi,https://www.imdb.com/title/tt0411469/?ref_=fn_all_ttl_1
Head-On,https://www.imdb.com/title/tt0347048/?ref_=fn_all_ttl_1
Heart of a Dog,https://www.imdb.com/title/tt4935446/?ref_=fn_all_ttl_1
Heaven Knows What,https://www.imdb.com/title/tt3687186/?ref_=fn_all_ttl_1
Heaven's Story,https://www.imdb.com/title/tt1685536/?ref_=fn_all_ttl_1
Hedwig and the Angry Inch,https://www.imdb.com/title/tt0248845/?ref_=fn_all_ttl_1
Her,https://www.imdb.com/title/tt1798709/?ref_=fn_all_ttl_1
Hero,https://www.imdb.com/title/tt0299977/?ref_=fn_all_ttl_1
High Fidelity,https://www.imdb.com/title/tt0146882/?ref_=fn_all_ttl_1
Hijack Stories,https://www.imdb.com/title/tt0215841/?ref_=fn_all_ttl_1
Holy Motors,https://www.imdb.com/title/tt2076220/?ref_=fn_all_ttl_1
Hooligan Sparrow,https://www.imdb.com/title/tt4079902/?ref_=fn_all_ttl_1
Horse Money,https://www.imdb.com/title/tt3907156/?ref_=fn_all_ttl_1
Hotel Rwanda,https://www.imdb.com/title/tt0395169/?ref_=fn_all_ttl_1
House of Flying Daggers,https://www.imdb.com/title/tt5679696/?ref_=fn_all_ttl_1
How to Survive a Plague,https://www.imdb.com/title/tt2124803/?ref_=fn_all_ttl_1
Hugo,https://www.imdb.com/title/tt0970179/?ref_=fn_all_ttl_1
Human,https://www.imdb.com/title/tt29958453/?ref_=fn_all_ttl_1
Hunger,https://www.imdb.com/title/tt1392170/?ref_=fn_all_ttl_1
I Am Love,https://www.imdb.com/title/tt1226236/?ref_=fn_all_ttl_1
I Don't Want to Sleep Alone,https://www.imdb.com/title/tt8971820/?ref_=fn_all_ttl_1
"I Travel Because I Have To, I Come Back Because I Love You",https://www.imdb.com/title/tt1500761/?ref_=fn_all_ttl_1
Ida,https://www.imdb.com/title/tt2718492/?ref_=fn_all_ttl_1
Idiocracy,https://www.imdb.com/title/tt0387808/?ref_=fn_all_ttl_1
Import Export,https://www.imdb.com/title/tt0459102/?ref_=fn_all_ttl_1
In Jackson Heights,https://www.imdb.com/title/tt4936064/?ref_=fn_all_ttl_1
In Praise of Love,https://www.imdb.com/title/tt4273138/?ref_=fn_all_ttl_1
In Vanda’s Room,https://www.imdb.com/title/tt0139500/?ref_=fn_all_ttl_1
In the Family,https://www.imdb.com/title/tt0066626/?ref_=fn_all_ttl_1
In the Mood for Love,https://www.imdb.com/title/tt20833922/?ref_=fn_all_ttl_1
Incendies,https://www.imdb.com/title/tt1255953/?ref_=fn_all_ttl_1
Inception,https://www.imdb.com/title/tt1375666/?ref_=fn_all_ttl_1
Infernal Affairs,https://www.imdb.com/title/tt0338564/?ref_=fn_all_ttl_1
Inglourious Basterds,https://www.imdb.com/title/tt0361748/?ref_=fn_all_ttl_1
Inherent Vice,https://www.imdb.com/title/tt1791528/?ref_=fn_all_ttl_1
Inland Empire,https://www.imdb.com/title/tt0460829/?ref_=fn_all_ttl_1
Inside Llewyn Davis,https://www.imdb.com/title/tt2042568/?ref_=fn_all_ttl_1
Inside Out,https://www.imdb.com/title/tt22022452/?ref_=fn_all_ttl_1
Instructions for a Light and Sound Machine,https://www.imdb.com/title/tt0493428/?ref_=fn_all_ttl_1
Into Great Silence,https://www.imdb.com/title/tt0478160/?ref_=fn_all_ttl_1
Irreversible,https://www.imdb.com/title/tt0290673/?ref_=fn_all_ttl_1
It's Such a Beautiful Day,https://www.imdb.com/title/tt2396224/?ref_=fn_all_ttl_1
I’m Going Home,https://www.imdb.com/title/tt0283422/?ref_=fn_all_ttl_1
I’m Not There,https://www.imdb.com/title/tt0368794/?ref_=fn_all_ttl_1
Jackass 3D,https://www.imdb.com/title/tt1116184/?ref_=fn_all_ttl_1
Japon,https://www.imdb.com/title/tt0322824/?ref_=fn_all_ttl_1
Jersey Boys,https://www.imdb.com/title/tt1742044/?ref_=fn_all_ttl_1
Journey to the West,https://www.imdb.com/title/tt16227128/?ref_=fn_all_ttl_1
Katyn,https://www.imdb.com/title/tt0879843/?ref_=fn_all_ttl_1
Kill Bill: Vol. 1,https://www.imdb.com/title/tt0266697/?ref_=fn_all_ttl_1
Kill Bill: Vol. 2,https://www.imdb.com/title/tt0378194/?ref_=fn_all_ttl_1
Kill List,https://www.imdb.com/title/tt1788391/?ref_=fn_all_ttl_1
Kings and Queen,https://www.imdb.com/title/tt0344273/?ref_=fn_all_ttl_1
Kiss Kiss Bang Bang,https://www.imdb.com/title/tt0373469/?ref_=fn_all_ttl_1
Knight of Cups,https://www.imdb.com/title/tt2101383/?ref_=fn_all_ttl_1
Kung Fu Hustle,https://www.imdb.com/title/tt0373074/?ref_=fn_all_ttl_1
"LSD: Love, Sex Aur Dhokha",https://www.imdb.com/title/tt1608777/?ref_=fn_all_ttl_1
La Ciénaga,https://www.imdb.com/title/tt0240419/?ref_=fn_all_ttl_1
"La commune (Paris, 1871)",https://www.imdb.com/title/tt0257497/?ref_=fn_all_ttl_1
Lagaan: Once Upon a Time in India,https://www.imdb.com/title/tt0169102/?ref_=fn_all_ttl_1
Le filmeur,https://www.imdb.com/title/tt0463991/?ref_=fn_all_ttl_1
Le quattro volte,https://www.imdb.com/title/tt1646975/?ref_=fn_all_ttl_1
Let the Right One In,https://www.imdb.com/title/tt14367168/?ref_=fn_all_ttl_1
Letters From Iwo Jima,https://www.imdb.com/title/tt0498380/?ref_=fn_all_ttl_1
Leviathan,https://www.imdb.com/title/tt0097737/?ref_=fn_all_ttl_1
Life of Pi,https://www.imdb.com/title/tt0454876/?ref_=fn_all_ttl_1
Lifeline,https://www.imdb.com/title/tt7034646/?ref_=fn_all_ttl_1
Like Someone In Love,https://www.imdb.com/title/tt1843287/?ref_=fn_all_ttl_1
Lilya 4-Ever,https://www.imdb.com/title/tt0300140/?ref_=fn_all_ttl_1
Lincoln,https://www.imdb.com/title/tt13833978/?ref_=fn_all_ttl_1
Listen to Me Marlon,https://www.imdb.com/title/tt4145178/?ref_=fn_all_ttl_1
Locke,https://www.imdb.com/title/tt3007572/?ref_=fn_all_ttl_1
Longing,https://www.imdb.com/title/tt8442220/?ref_=fn_all_ttl_1
Los Angeles Plays Itself,https://www.imdb.com/title/tt0379357/?ref_=fn_all_ttl_1
Lost and Beautiful,https://www.imdb.com/title/tt2188860/?ref_=fn_all_ttl_1
Lost in Translation,https://www.imdb.com/title/tt0335266/?ref_=fn_all_ttl_1
Lourdes,https://www.imdb.com/title/tt1405809/?ref_=fn_all_ttl_1
Love & Basketball,https://www.imdb.com/title/tt0314331/?ref_=fn_all_ttl_1
Love & Friendship,https://www.imdb.com/title/tt0314331/?ref_=fn_all_ttl_1
Love Actually,https://www.imdb.com/title/tt0314331/?ref_=fn_all_ttl_1
Love Exposure,https://www.imdb.com/title/tt1128075/?ref_=fn_all_ttl_1
Lumumba,https://www.imdb.com/title/tt0246765/?ref_=fn_all_ttl_1
"Lust, Caution",https://www.imdb.com/title/tt0808357/?ref_=fn_all_ttl_1
Mad Max: Fury Road,https://www.imdb.com/title/tt1392190/?ref_=fn_all_ttl_1
Madagascar 3: Europe's Most Wanted,https://www.imdb.com/title/tt1277953/?ref_=fn_all_ttl_1
Making Of,https://www.imdb.com/title/tt12285446/?ref_=fn_all_ttl_1
Man on Wire,https://www.imdb.com/title/tt1155592/?ref_=fn_all_ttl_1
Manakamana,https://www.imdb.com/title/tt3103326/?ref_=fn_all_ttl_1
Manchester by the Sea,https://www.imdb.com/title/tt4034228/?ref_=fn_all_ttl_1
Maqbool,https://www.imdb.com/title/tt0379370/?ref_=fn_all_ttl_1
Margaret,https://www.imdb.com/title/tt0466893/?ref_=fn_all_ttl_1
Master and Commander: The Far Side of the World,https://www.imdb.com/title/tt0311113/?ref_=fn_all_ttl_1
Match Point,https://www.imdb.com/title/tt0416320/?ref_=fn_all_ttl_1
Me and You and Everyone We Know,https://www.imdb.com/title/tt0415978/?ref_=fn_all_ttl_1
Meek's Cutoff,https://www.imdb.com/title/tt1518812/?ref_=fn_all_ttl_1
Melancholia,https://www.imdb.com/title/tt1527186/?ref_=fn_all_ttl_1
Memento,https://www.imdb.com/title/tt0209144/?ref_=fn_all_ttl_1
Memories of Murder,https://www.imdb.com/title/tt0353969/?ref_=fn_all_ttl_1
Men at Work,https://www.imdb.com/title/tt0100135/?ref_=fn_all_ttl_1
Mia Madre,https://www.imdb.com/title/tt3013610/?ref_=fn_all_ttl_1
Miami Vice,https://www.imdb.com/title/tt0086759/?ref_=fn_all_ttl_1
Michael Clayton,https://www.imdb.com/title/tt0465538/?ref_=fn_all_ttl_1
Michelangelo Eye to Eye,https://www.imdb.com/title/tt0409285/?ref_=fn_all_ttl_1
Middle of Nowhere,https://www.imdb.com/title/tt1032817/?ref_=fn_all_ttl_1
Millennium Actress,https://www.imdb.com/title/tt0291350/?ref_=fn_all_ttl_1
Millennium Mambo,https://www.imdb.com/title/tt0283283/?ref_=fn_all_ttl_1
Million Dollar Baby,https://www.imdb.com/title/tt0405159/?ref_=fn_all_ttl_1
Miners Shot Down,https://www.imdb.com/title/tt3677896/?ref_=fn_all_ttl_1
Minority Report,https://www.imdb.com/title/tt0181689/?ref_=fn_all_ttl_1
Mommy,https://www.imdb.com/title/tt3612616/?ref_=fn_all_ttl_1
Monsoon Wedding,https://www.imdb.com/title/tt0265343/?ref_=fn_all_ttl_1
Monster,https://www.imdb.com/title/tt0434706/?ref_=fn_all_ttl_1
"Monsters, Inc.",https://www.imdb.com/title/tt0198781/?ref_=fn_all_ttl_1
Moolaadé,https://www.imdb.com/title/tt0416991/?ref_=fn_all_ttl_1
Moon,https://www.imdb.com/title/tt1182345/?ref_=fn_all_ttl_1
Moonrise Kingdom,https://www.imdb.com/title/tt1748122/?ref_=fn_all_ttl_1
Morvern Callar,https://www.imdb.com/title/tt0300214/?ref_=fn_all_ttl_1
Mosaik mécanique,https://www.imdb.com/title/tt1358862/?ref_=fn_all_ttl_1
Mother,https://www.imdb.com/title/tt0460649/?ref_=fn_all_ttl_1
Moulin Rouge!,https://www.imdb.com/title/tt0203009/?ref_=fn_all_ttl_1
Mr Turner,https://www.imdb.com/title/tt2473794/?ref_=fn_all_ttl_1
Mulholland Drive,https://www.imdb.com/title/tt0166924/?ref_=fn_all_ttl_1
Munich,https://www.imdb.com/title/tt0408306/?ref_=fn_all_ttl_1
My Golden Days,https://www.imdb.com/title/tt4048050/?ref_=fn_all_ttl_1
My Heart Beats Only for Her,https://www.imdb.com/title/tt1929755/?ref_=fn_all_ttl_1
My Winnipeg,https://www.imdb.com/title/tt1093842/?ref_=fn_all_ttl_1
Mysteries of Lisbon,https://www.imdb.com/title/tt20259142/?ref_=fn_all_ttl_1
Mystic River,https://www.imdb.com/title/tt0327056/?ref_=fn_all_ttl_1
Nebraska,https://www.imdb.com/title/tt1821549/?ref_=fn_all_ttl_1
Neighboring Sounds,https://www.imdb.com/title/tt2190367/?ref_=fn_all_ttl_1
Night Across the Street,https://www.imdb.com/title/tt28407565/?ref_=fn_all_ttl_1
Night Will Fall,https://www.imdb.com/title/tt3455822/?ref_=fn_all_ttl_1
Nightcrawler,https://www.imdb.com/title/tt2872718/?ref_=fn_all_ttl_1
Nine Queens,https://www.imdb.com/title/tt0247586/?ref_=fn_all_ttl_1
No,https://www.imdb.com/title/tt5040012/?ref_=fn_all_ttl_1
No Country For Old Men,https://www.imdb.com/title/tt0477348/?ref_=fn_all_ttl_1
No Home Movie,https://www.imdb.com/title/tt4881016/?ref_=fn_all_ttl_1
No Man's Land,https://www.imdb.com/title/tt0283509/?ref_=fn_all_ttl_1
Nobody Knows,https://www.imdb.com/title/tt0408664/?ref_=fn_all_ttl_1
"Norte, the End of History",https://www.imdb.com/title/tt27599851/?ref_=fn_all_ttl_1
Nostalgia for the Light,https://www.imdb.com/title/tt2312840/?ref_=fn_all_ttl_1
Notre musique,https://www.imdb.com/title/tt0360845/?ref_=fn_all_ttl_1
"O Brother, Where Art Thou?",https://www.imdb.com/title/tt0190590/?ref_=fn_all_ttl_1
Oasis,https://www.imdb.com/title/tt0320193/?ref_=fn_all_ttl_1
Of Gods and Men,https://www.imdb.com/title/tt0835378/?ref_=fn_all_ttl_1
Oh! Man,https://www.imdb.com/title/tt0051196/?ref_=fn_all_ttl_1
Oldboy,https://www.imdb.com/title/tt0364569/?ref_=fn_all_ttl_1
Once,https://www.imdb.com/title/tt7131622/?ref_=fn_all_ttl_1
Once Upon a Time in Anatolia,https://www.imdb.com/title/tt1843230/?ref_=fn_all_ttl_1
Only Lovers Left Alive,https://www.imdb.com/title/tt1714915/?ref_=fn_all_ttl_1
Open Range,https://www.imdb.com/title/tt0316356/?ref_=fn_all_ttl_1
Our Daily Bread,https://www.imdb.com/title/tt0025610/?ref_=fn_all_ttl_1
Paan Singh Tomar,https://www.imdb.com/title/tt1620933/?ref_=fn_all_ttl_1
Pain & Gain,https://www.imdb.com/title/tt21823606/?ref_=fn_all_ttl_1
Pan's Labyrinth,https://www.imdb.com/title/tt0457430/?ref_=fn_all_ttl_1
Paradise Now,https://www.imdb.com/title/tt0445620/?ref_=fn_all_ttl_1
Persepolis,https://www.imdb.com/title/tt0808417/?ref_=fn_all_ttl_1
Phoenix,https://www.imdb.com/title/tt0373889/?ref_=fn_all_ttl_1
Platform,https://www.imdb.com/title/tt8228288/?ref_=fn_all_ttl_1
Poetry,https://www.imdb.com/title/tt1287878/?ref_=fn_all_ttl_1
"Police, Adjective",https://www.imdb.com/title/tt1337051/?ref_=fn_all_ttl_1
Primer,https://www.imdb.com/title/tt0390384/?ref_=fn_all_ttl_1
Profit Motive and the Whispering Wind,https://www.imdb.com/title/tt1158308/?ref_=fn_all_ttl_1
Psalm III: 'Night of the Meek',https://www.imdb.com/title/tt0351599/?ref_=fn_all_ttl_1
Pulse,https://www.imdb.com/title/tt0286751/?ref_=fn_all_ttl_1
Punch-Drunk Love,https://www.imdb.com/title/tt0272338/?ref_=fn_all_ttl_1
Quills,https://www.imdb.com/title/tt0180073/?ref_=fn_all_ttl_1
Ratatouille,https://www.imdb.com/title/tt0382932/?ref_=fn_all_ttl_1
Red Leaves,https://www.imdb.com/title/tt15456030/?ref_=fn_all_ttl_1
Red Road,https://www.imdb.com/title/tt0471030/?ref_=fn_all_ttl_1
Regular Lovers,https://www.imdb.com/title/tt0443844/?ref_=fn_all_ttl_1
Requiem for a Dream,https://www.imdb.com/title/tt0180093/?ref_=fn_all_ttl_1
Restless City,https://www.imdb.com/title/tt1545464/?ref_=fn_all_ttl_1
Revolutionary Road,https://www.imdb.com/title/tt0959337/?ref_=fn_all_ttl_1
"Right Now, Wrong Then",https://www.imdb.com/title/tt4768776/?ref_=fn_all_ttl_1
Russian Ark,https://www.imdb.com/title/tt0318034/?ref_=fn_all_ttl_1
Rust and Bone,https://www.imdb.com/title/tt2053425/?ref_=fn_all_ttl_1
Samson & Delilah,https://www.imdb.com/title/tt6951892/?ref_=fn_all_ttl_1
Sangue,https://www.imdb.com/title/tt0071233/?ref_=fn_all_ttl_1
Saraband,https://www.imdb.com/title/tt0299478/?ref_=fn_all_ttl_1
Secret Sunshine,https://www.imdb.com/title/tt0817225/?ref_=fn_all_ttl_1
Secret Things,https://www.imdb.com/title/tt0287963/?ref_=fn_all_ttl_1
Selma,https://www.imdb.com/title/tt1020072/?ref_=fn_all_ttl_1
Sembène!,https://www.imdb.com/title/tt4344782/?ref_=fn_all_ttl_1
Senna,https://www.imdb.com/title/tt13024830/?ref_=fn_all_ttl_1
Seventh Code,https://www.imdb.com/title/tt3265404/?ref_=fn_all_ttl_1
"Sexe, gombo et beurre salé",https://www.imdb.com/title/tt1254774/?ref_=fn_all_ttl_1
Sexy Beast,https://www.imdb.com/title/tt0203119/?ref_=fn_all_ttl_1
Shame,https://www.imdb.com/title/tt1723811/?ref_=fn_all_ttl_1
Shara,https://www.imdb.com/title/tt0363060/?ref_=fn_all_ttl_1
Shaun of the Dead,https://www.imdb.com/title/tt0365748/?ref_=fn_all_ttl_1
Shoot the Messenger,https://www.imdb.com/title/tt5178678/?ref_=fn_all_ttl_1
Short Term 12,https://www.imdb.com/title/tt2370248/?ref_=fn_all_ttl_1
Shrek,https://www.imdb.com/title/tt0126029/?ref_=fn_all_ttl_1
Shutter Island,https://www.imdb.com/title/tt1130884/?ref_=fn_all_ttl_1
Sicario,https://www.imdb.com/title/tt3397884/?ref_=fn_all_ttl_1
Sideways,https://www.imdb.com/title/tt0375063/?ref_=fn_all_ttl_1
Silent Light,https://www.imdb.com/title/tt0841925/?ref_=fn_all_ttl_1
Silent Souls,https://www.imdb.com/title/tt1693830/?ref_=fn_all_ttl_1
Silver Linings Playbook,https://www.imdb.com/title/tt1045658/?ref_=fn_all_ttl_1
Sin Nombre,https://www.imdb.com/title/tt1127715/?ref_=fn_all_ttl_1
Sita Sings the Blues,https://www.imdb.com/title/tt1172203/?ref_=fn_all_ttl_1
Snow White,https://www.imdb.com/title/tt6208148/?ref_=fn_all_ttl_1
Something Necessary,https://www.imdb.com/title/tt2400272/?ref_=fn_all_ttl_1
Somewhere,https://www.imdb.com/title/tt12759100/?ref_=fn_all_ttl_1
Son of Saul,https://www.imdb.com/title/tt3808342/?ref_=fn_all_ttl_1
Song of the Sea,https://www.imdb.com/title/tt1865505/?ref_=fn_all_ttl_1
Songs from the Second Floor,https://www.imdb.com/title/tt0120263/?ref_=fn_all_ttl_1
Sparrow,https://www.imdb.com/title/tt2873282/?ref_=fn_all_ttl_1
Spider-Man 2,https://www.imdb.com/title/tt0316654/?ref_=fn_all_ttl_1
Spirited Away,https://www.imdb.com/title/tt0245429/?ref_=fn_all_ttl_1
Spotlight,https://www.imdb.com/title/tt1895587/?ref_=fn_all_ttl_1
Spring Breakers,https://www.imdb.com/title/tt2101441/?ref_=fn_all_ttl_1
"Spring, Summer, Fall, Winter…and Spring",https://www.imdb.com/title/tt30006601/?ref_=fn_all_ttl_1
Star Trek,https://www.imdb.com/title/tt0060028/?ref_=fn_all_ttl_1
Star Wars: Episode III – Revenge of the Sith,https://www.imdb.com/title/tt0121766/?ref_=fn_all_ttl_1
Star Wars: Episode VII – The Force Awakens,https://www.imdb.com/title/tt2488496/?ref_=fn_all_ttl_1
Step Brothers,https://www.imdb.com/title/tt0838283/?ref_=fn_all_ttl_1
Still Life,https://www.imdb.com/title/tt2395417/?ref_=fn_all_ttl_1
Still Walking,https://www.imdb.com/title/tt1087578/?ref_=fn_all_ttl_1
Storia di una donna amata e di un assassino gentile,https://www.imdb.com/title/tt26664871/?ref_=fn_all_ttl_1
Stories We Tell,https://www.imdb.com/title/tt2366450/?ref_=fn_all_ttl_1
Story of My Death,https://www.imdb.com/title/tt0488873/?ref_=fn_all_ttl_1
Stranger by the Lake,https://www.imdb.com/title/tt2852458/?ref_=fn_all_ttl_1
Stray Dogs,https://www.imdb.com/title/tt5679720/?ref_=fn_all_ttl_1
Sumas y Restas,https://www.imdb.com/title/tt0265825/?ref_=fn_all_ttl_1
Summer Hours,https://www.imdb.com/title/tt0836700/?ref_=fn_all_ttl_1
Sweet Sixteen,https://www.imdb.com/title/tt0083146/?ref_=fn_all_ttl_1
Sympathy for Mr Vengeance,https://www.imdb.com/title/tt1202216/?ref_=fn_all_ttl_1
Syndromes and a Century,https://www.imdb.com/title/tt0477731/?ref_=fn_all_ttl_1
"Synecdoche, New York",https://www.imdb.com/title/tt0383028/?ref_=fn_all_ttl_1
Tabu,https://www.imdb.com/title/tt2153963/?ref_=fn_all_ttl_1
Take Shelter,https://www.imdb.com/title/tt1675192/?ref_=fn_all_ttl_1
Take This Waltz,https://www.imdb.com/title/tt1592281/?ref_=fn_all_ttl_1
Talk to Her,https://www.imdb.com/title/tt0287467/?ref_=fn_all_ttl_1
Talladega Nights: The Ballad of Ricky Bobby,https://www.imdb.com/title/tt0415306/?ref_=fn_all_ttl_1
Tangerine,https://www.imdb.com/title/tt3824458/?ref_=fn_all_ttl_1
Taxi Tehran,https://www.imdb.com/title/tt4359416/?ref_=fn_all_ttl_1
Team America: World Police,https://www.imdb.com/title/tt0372588/?ref_=fn_all_ttl_1
Ten,https://www.imdb.com/title/tt23289160/?ref_=fn_all_ttl_1
Terra,https://www.imdb.com/title/tt1641349/?ref_=fn_all_ttl_1
Tey,https://www.imdb.com/title/tt2178935/?ref_=fn_all_ttl_1
The 3 Rooms of Melancholia,https://www.imdb.com/title/tt6791350/?ref_=fn_all_ttl_1
The Act of Killing,https://www.imdb.com/title/tt2375605/?ref_=fn_all_ttl_1
The Arbor,https://www.imdb.com/title/tt1623008/?ref_=fn_all_ttl_1
The Artist,https://www.imdb.com/title/tt1655442/?ref_=fn_all_ttl_1
The Assassin,https://www.imdb.com/title/tt0107843/?ref_=fn_all_ttl_1
The Assassination of Jesse James by the Coward Robert Ford,https://www.imdb.com/title/tt0443680/?ref_=fn_all_ttl_1
The Avengers,https://www.imdb.com/title/tt0848228/?ref_=fn_all_ttl_1
The Baader Meinhof Complex,https://www.imdb.com/title/tt0765432/?ref_=fn_all_ttl_1
The Babadook,https://www.imdb.com/title/tt2321549/?ref_=fn_all_ttl_1
The Band’s Visit,https://www.imdb.com/title/tt1032856/?ref_=fn_all_ttl_1
The Beat That My Heart Skipped,https://www.imdb.com/title/tt0411270/?ref_=fn_all_ttl_1
The Blind Swordsman: Zatoichi,https://www.imdb.com/title/tt0363226/?ref_=fn_all_ttl_1
The Bourne Ultimatum,https://www.imdb.com/title/tt0440963/?ref_=fn_all_ttl_1
The Box of Life,https://www.imdb.com/title/tt5702284/?ref_=fn_all_ttl_1
The Captive,https://www.imdb.com/title/tt2326612/?ref_=fn_all_ttl_1
The Century of the Self,https://www.imdb.com/title/tt0432232/?ref_=fn_all_ttl_1
The Child,https://www.imdb.com/title/tt29242846/?ref_=fn_all_ttl_1
The Circle,https://www.imdb.com/title/tt4287320/?ref_=fn_all_ttl_1
The Clock,https://www.imdb.com/title/tt0037604/?ref_=fn_all_ttl_1
The Colonial Misunderstanding,https://www.imdb.com/title/tt0474246/?ref_=fn_all_ttl_1
The Comedy,https://www.imdb.com/title/tt0056943/?ref_=fn_all_ttl_1
The Congress,https://www.imdb.com/title/tt1821641/?ref_=fn_all_ttl_1
The Consequences of Love,https://www.imdb.com/title/tt0398883/?ref_=fn_all_ttl_1
The Curious Case of Benjamin Button,https://www.imdb.com/title/tt0421715/?ref_=fn_all_ttl_1
The Dark Knight,https://www.imdb.com/title/tt0468569/?ref_=fn_all_ttl_1
The Days When I Do Not Exist,https://www.imdb.com/title/tt0365398/?ref_=fn_all_ttl_1
The Death of Mr Lazarescu,https://www.imdb.com/title/tt0456149/?ref_=fn_all_ttl_1
The Deep Blue Sea,https://www.imdb.com/title/tt1700844/?ref_=fn_all_ttl_1
The Departed,https://www.imdb.com/title/tt0407887/?ref_=fn_all_ttl_1
The Descendants,https://www.imdb.com/title/tt1033575/?ref_=fn_all_ttl_1
The Diving Bell and the Butterfly,https://www.imdb.com/title/tt2996200/?ref_=fn_all_ttl_1
The Edge of Heaven,https://www.imdb.com/title/tt6857048/?ref_=fn_all_ttl_1
The External World,https://www.imdb.com/title/tt1720261/?ref_=fn_all_ttl_1
The Five Obstructions,https://www.imdb.com/title/tt0354575/?ref_=fn_all_ttl_1
The Forest for the Trees,https://www.imdb.com/title/tt4482522/?ref_=fn_all_ttl_1
The Fourth Watch,https://www.imdb.com/title/tt13282902/?ref_=fn_all_ttl_1
The Future,https://www.imdb.com/title/tt0088763/?ref_=fn_all_ttl_1
The Gatekeepers,https://www.imdb.com/title/tt2309788/?ref_=fn_all_ttl_1
The Ghost Writer,https://www.imdb.com/title/tt1139328/?ref_=fn_all_ttl_1
The Gleaners and I,https://www.imdb.com/title/tt27331210/?ref_=fn_all_ttl_1
The Grand Budapest Hotel,https://www.imdb.com/title/tt2278388/?ref_=fn_all_ttl_1
The Great Beauty,https://www.imdb.com/title/tt2358891/?ref_=fn_all_ttl_1
The Hateful Eight,https://www.imdb.com/title/tt3460252/?ref_=fn_all_ttl_1
The Headless Woman,https://www.imdb.com/title/tt1221141/?ref_=fn_all_ttl_1
The Holy Girl,https://www.imdb.com/title/tt0300270/?ref_=fn_all_ttl_1
The Host,https://www.imdb.com/title/tt1517260/?ref_=fn_all_ttl_1
The Hours,https://www.imdb.com/title/tt0274558/?ref_=fn_all_ttl_1
The House of Mirth,https://www.imdb.com/title/tt0200720/?ref_=fn_all_ttl_1
The Hunt,https://www.imdb.com/title/tt8244784/?ref_=fn_all_ttl_1
The Hurt Locker,https://www.imdb.com/title/tt0887912/?ref_=fn_all_ttl_1
The Imposter,https://www.imdb.com/title/tt1966604/?ref_=fn_all_ttl_1
The Incredibles,https://www.imdb.com/title/tt0317705/?ref_=fn_all_ttl_1
The Intruder,https://www.imdb.com/title/tt6722030/?ref_=fn_all_ttl_1
The King’s Speech,https://www.imdb.com/title/tt1504320/?ref_=fn_all_ttl_1
The Lady and the Duke,https://www.imdb.com/title/tt19704542/?ref_=fn_all_ttl_1
The Last of the Unjust,https://www.imdb.com/title/tt24053860/?ref_=fn_all_ttl_1
The Lives of Others,https://www.imdb.com/title/tt9130566/?ref_=fn_all_ttl_1
The Lobster,https://www.imdb.com/title/tt3464902/?ref_=fn_all_ttl_1
The Look of Silence,https://www.imdb.com/title/tt3521134/?ref_=fn_all_ttl_1
The Lord of the Rings: The Fellowship of the Ring,https://www.imdb.com/title/tt0120737/?ref_=fn_all_ttl_1
The Lord of the Rings: The Return of the King,https://www.imdb.com/title/tt0167260/?ref_=fn_all_ttl_1
The Magdalene Sisters,https://www.imdb.com/title/tt0318411/?ref_=fn_all_ttl_1
The Man Without A Past,https://www.imdb.com/title/tt26670955/?ref_=fn_all_ttl_1
The Master,https://www.imdb.com/title/tt1560747/?ref_=fn_all_ttl_1
The Matchmaker,https://www.imdb.com/title/tt0119632/?ref_=fn_all_ttl_1
The Namesake,https://www.imdb.com/title/tt0433416/?ref_=fn_all_ttl_1
The New World,https://www.imdb.com/title/tt0402399/?ref_=fn_all_ttl_1
The Orphanage,https://www.imdb.com/title/tt0464141/?ref_=fn_all_ttl_1
The Pianist,https://www.imdb.com/title/tt0253474/?ref_=fn_all_ttl_1
The Piano Teacher,https://www.imdb.com/title/tt0254686/?ref_=fn_all_ttl_1
The Prestige,https://www.imdb.com/title/tt0482571/?ref_=fn_all_ttl_1
The Profession of Arms,https://www.imdb.com/title/tt0086147/?ref_=fn_all_ttl_1
The Queen,https://www.imdb.com/title/tt14022350/?ref_=fn_all_ttl_1
The Return,https://www.imdb.com/title/tt19861162/?ref_=fn_all_ttl_1
The Revenant,https://www.imdb.com/title/tt1663202/?ref_=fn_all_ttl_1
The Romance of Astrea and Celadon,https://www.imdb.com/title/tt0823240/?ref_=fn_all_ttl_1
The Royal Tenenbaums,https://www.imdb.com/title/tt0265666/?ref_=fn_all_ttl_1
The Sapphires,https://www.imdb.com/title/tt1673697/?ref_=fn_all_ttl_1
The Secret in Their Eyes,https://www.imdb.com/title/tt1305806/?ref_=fn_all_ttl_1
The Skin I Live In,https://www.imdb.com/title/tt12887846/?ref_=fn_all_ttl_1
The Sky Trembles and the Earth Is Afraid and the Two Eyes Are Not Brothers,https://www.imdb.com/title/tt4881172/?ref_=fn_all_ttl_1
The Social Network,https://www.imdb.com/title/tt1285016/?ref_=fn_all_ttl_1
The Son,https://www.imdb.com/title/tt18259086/?ref_=fn_all_ttl_1
The Son's Room,https://www.imdb.com/title/tt0208990/?ref_=fn_all_ttl_1
The Squid and the Whale,https://www.imdb.com/title/tt0367089/?ref_=fn_all_ttl_1
The Story of Marie and Julien,https://www.imdb.com/title/tt0339357/?ref_=fn_all_ttl_1
The Strange Case of Angelica,https://www.imdb.com/title/tt1282153/?ref_=fn_all_ttl_1
The Stuart Hall Project,https://www.imdb.com/title/tt2578290/?ref_=fn_all_ttl_1
The Sun Also Rises,https://www.imdb.com/title/tt0051028/?ref_=fn_all_ttl_1
The Taste of Others,https://www.imdb.com/title/tt3541958/?ref_=fn_all_ttl_1
The Three Burials of Melquiades Estrada,https://www.imdb.com/title/tt0419294/?ref_=fn_all_ttl_1
The Tiger and the Snow,https://www.imdb.com/title/tt33402788/?ref_=fn_all_ttl_1
The Time That Remains,https://www.imdb.com/title/tt1037163/?ref_=fn_all_ttl_1
The Tree of Life,https://www.imdb.com/title/tt0478304/?ref_=fn_all_ttl_1
The Turin Horse,https://www.imdb.com/title/tt1316540/?ref_=fn_all_ttl_1
The White Meadows,https://www.imdb.com/title/tt1509132/?ref_=fn_all_ttl_1
The White Ribbon,https://www.imdb.com/title/tt1149362/?ref_=fn_all_ttl_1
The Wind Rises,https://www.imdb.com/title/tt2013293/?ref_=fn_all_ttl_1
The Wolf of Wall Street,https://www.imdb.com/title/tt0993846/?ref_=fn_all_ttl_1
The World,https://www.imdb.com/title/tt12747748/?ref_=fn_all_ttl_1
The Wrestler,https://www.imdb.com/title/tt1125849/?ref_=fn_all_ttl_1
The Yards,https://www.imdb.com/title/tt0138946/?ref_=fn_all_ttl_1
Theeb,https://www.imdb.com/title/tt3170902/?ref_=fn_all_ttl_1
There Will Be Blood,https://www.imdb.com/title/tt0469494/?ref_=fn_all_ttl_1
These Encounters of Theirs,https://www.imdb.com/title/tt0815227/?ref_=fn_all_ttl_1
This Is England,https://www.imdb.com/title/tt0480025/?ref_=fn_all_ttl_1
This Is Not a Film,https://www.imdb.com/title/tt0368340/?ref_=fn_all_ttl_1
This Is the End,https://www.imdb.com/title/tt1245492/?ref_=fn_all_ttl_1
Thithi,https://www.imdb.com/title/tt4881362/?ref_=fn_all_ttl_1
Three Monkeys,https://www.imdb.com/title/tt1233381/?ref_=fn_all_ttl_1
Three Times,https://www.imdb.com/title/tt0459666/?ref_=fn_all_ttl_1
Tie Xi Qu: West of the Tracks,https://www.imdb.com/title/tt0389448/?ref_=fn_all_ttl_1
Timbuktu,https://www.imdb.com/title/tt3409392/?ref_=fn_all_ttl_1
Time Out,https://www.imdb.com/title/tt0313443/?ref_=fn_all_ttl_1
Tinker Tailor Soldier Spy,https://www.imdb.com/title/tt1340800/?ref_=fn_all_ttl_1
To Die Like a Man,https://www.imdb.com/title/tt11649804/?ref_=fn_all_ttl_1
Toni Erdmann,https://www.imdb.com/title/tt4048272/?ref_=fn_all_ttl_1
Tony Manero,https://www.imdb.com/title/tt1223975/?ref_=fn_all_ttl_1
Toy Story 3,https://www.imdb.com/title/tt0435761/?ref_=fn_all_ttl_1
Traffic,https://www.imdb.com/title/tt0181865/?ref_=fn_all_ttl_1
Triple Agent,https://www.imdb.com/title/tt0374294/?ref_=fn_all_ttl_1
Tropic Thunder,https://www.imdb.com/title/tt0942385/?ref_=fn_all_ttl_1
Tropical Malady,https://www.imdb.com/title/tt0381668/?ref_=fn_all_ttl_1
Twixt,https://www.imdb.com/title/tt1756851/?ref_=fn_all_ttl_1
Two Lovers,https://www.imdb.com/title/tt1103275/?ref_=fn_all_ttl_1
Udaan,https://www.imdb.com/title/tt1639426/?ref_=fn_all_ttl_1
Un lac,https://www.imdb.com/title/tt1270702/?ref_=fn_all_ttl_1
Uncle Boonmee Who Can Recall His Past Lives,https://www.imdb.com/title/tt1588895/?ref_=fn_all_ttl_1
Under the Skin,https://www.imdb.com/title/tt1441395/?ref_=fn_all_ttl_1
United 93,https://www.imdb.com/title/tt0475276/?ref_=fn_all_ttl_1
Vera Drake,https://www.imdb.com/title/tt0383694/?ref_=fn_all_ttl_1
Vincere,https://www.imdb.com/title/tt1156173/?ref_=fn_all_ttl_1
WALL-E,https://www.imdb.com/title/tt0993846/?ref_=fn_all_ttl_1
Waiting for Happiness,https://www.imdb.com/title/tt0308363/?ref_=fn_all_ttl_1
Waking Life,https://www.imdb.com/title/tt0243017/?ref_=fn_all_ttl_1
Waltz with Bashir,https://www.imdb.com/title/tt1185616/?ref_=fn_all_ttl_1
Warming by the Devil's Fire,https://www.imdb.com/title/tt1065628/?ref_=fn_all_ttl_1
We Need to Talk About Kevin,https://www.imdb.com/title/tt1242460/?ref_=fn_all_ttl_1
Weekend,https://www.imdb.com/title/tt28142896/?ref_=fn_all_ttl_1
Wendy and Lucy,https://www.imdb.com/title/tt1152850/?ref_=fn_all_ttl_1
Werckmeister Harmonies,https://www.imdb.com/title/tt0249241/?ref_=fn_all_ttl_1
Wet Hot American Summer,https://www.imdb.com/title/tt0243655/?ref_=fn_all_ttl_1
What Time Is It There?,https://www.imdb.com/title/tt15345984/?ref_=fn_all_ttl_1
When I Saw You,https://www.imdb.com/title/tt2853250/?ref_=fn_all_ttl_1
When the Levees Broke: A Requiem in Four Acts,https://www.imdb.com/title/tt0783612/?ref_=fn_all_ttl_1
Where Do We Go Now?,https://www.imdb.com/title/tt1772424/?ref_=fn_all_ttl_1
Whiplash,https://www.imdb.com/title/tt2582802/?ref_=fn_all_ttl_1
White Material,https://www.imdb.com/title/tt1135952/?ref_=fn_all_ttl_1
Wild,https://www.imdb.com/title/tt29623480/?ref_=fn_all_ttl_1
Wild Tales,https://www.imdb.com/title/tt3011894/?ref_=fn_all_ttl_1
Winter Sleep,https://www.imdb.com/title/tt2758880/?ref_=fn_all_ttl_1
Winter's Bone,https://www.imdb.com/title/tt1399683/?ref_=fn_all_ttl_1
Wolff Von Amerongen: Did He Commit Bankruptcy Offences?,https://www.imdb.com/title/tt0499138/?ref_=fn_all_ttl_1
Woman on the Beach,https://www.imdb.com/title/tt0040000/?ref_=fn_all_ttl_1
World of Tomorrow,https://www.imdb.com/title/tt0346156/?ref_=fn_all_ttl_1
Y Tu Mamá También,https://www.imdb.com/title/tt0245574/?ref_=fn_all_ttl_1
Yi Yi: A One and a Two,https://www.imdb.com/title/tt0244316/?ref_=fn_all_ttl_1
Yossi & Jagger,https://www.imdb.com/title/tt0334754/?ref_=fn_all_ttl_1
You Ain’t Seen Nothin’ Yet,https://www.imdb.com/title/tt33523215/?ref_=fn_all_ttl_1
You Can Count On Me,https://www.imdb.com/title/tt0203230/?ref_=fn_all_ttl_1
You Can Count on Me Me,https://www.imdb.com/title/tt0203230/?ref_=fn_all_ttl_1
You Will Meet a Tall Dark Stranger,https://www.imdb.com/title/tt1182350/?ref_=fn_all_ttl_1
"You, The Living",https://www.imdb.com/title/tt0445336/?ref_=fn_all_ttl_1
Young Adult,https://www.imdb.com/title/tt1625346/?ref_=fn_all_ttl_1
Zero Dark Thirty,https://www.imdb.com/title/tt1790885/?ref_=fn_all_ttl_1
Zodiac,https://www.imdb.com/title/tt0443706/?ref_=fn_all_ttl_1
